transaction_id,block,transferFromAddress,transferToAddress,amount,block_ts,datetime
TX00000,1935816,TFrom00000ABC,TTo00000XYZ,446.88,1755405300000,2025-08-17 13:35:00
TX00001,1753188,TFrom00001ABC,TTo00001XYZ,987.9,1755411000000,2025-08-17 15:10:00
TX00002,1442580,TFrom00002ABC,TTo00002XYZ,799.58,1755359940000,2025-08-17 00:59:00
TX00003,1360531,TFrom00003ABC,TTo00003XYZ,803.36,1755430680000,2025-08-17 20:38:00
TX00004,1691689,TFrom00004ABC,TTo00004XYZ,147.44,1755402900000,2025-08-17 12:55:00
TX00005,1485786,TFrom00005ABC,TTo00005XYZ,117.48,1755381120000,2025-08-17 06:52:00
TX00006,1190199,TFrom00006ABC,TTo00006XYZ,360.04,1755387900000,2025-08-17 08:45:00
TX00007,1720963,TFrom00007ABC,TTo00007XYZ,47.49,1755432060000,2025-08-17 21:01:00
TX00008,1901928,TFrom00008ABC,TTo00008XYZ,314.86,1755407520000,2025-08-17 14:12:00
TX00009,1017968,TFrom00009ABC,TTo00009XYZ,679.53,1755426600000,2025-08-17 19:30:00
TX00010,1468144,TFrom00010ABC,TTo00010XYZ,177.2,1755384720000,2025-08-17 07:52:00
TX00011,1862600,TFrom00011ABC,TTo00011XYZ,253.34,1755398880000,2025-08-17 11:48:00
TX00012,1340260,TFrom00012ABC,TTo00012XYZ,515.32,1755421140000,2025-08-17 17:59:00
TX00013,1350768,TFrom00013ABC,TTo00013XYZ,741.76,1755425580000,2025-08-17 19:13:00
TX00014,1530959,TFrom00014ABC,TTo00014XYZ,683.49,1755423120000,2025-08-17 18:32:00
TX00015,1624249,TFrom00015ABC,TTo00015XYZ,93.87,1755439320000,2025-08-17 23:02:00
TX00016,1566675,TFrom00016ABC,TTo00016XYZ,692.37,1755391980000,2025-08-17 09:53:00
TX00017,1412221,TFrom00017ABC,TTo00017XYZ,345.9,1755419880000,2025-08-17 17:38:00
TX00018,1242076,TFrom00018ABC,TTo00018XYZ,533.85,1755408060000,2025-08-17 14:21:00
TX00019,1538896,TFrom00019ABC,TTo00019XYZ,240.56,1755360600000,2025-08-17 01:10:00
TX00020,1737709,TFrom00020ABC,TTo00020XYZ,578.08,1755399840000,2025-08-17 12:04:00
TX00021,1146007,TFrom00021ABC,TTo00021XYZ,523.56,1755431940000,2025-08-17 20:59:00
TX00022,1829023,TFrom00022ABC,TTo00022XYZ,753.01,1755407640000,2025-08-17 14:14:00
TX00023,1515680,TFrom00023ABC,TTo00023XYZ,756.76,1755414180000,2025-08-17 16:03:00
TX00024,1907355,TFrom00024ABC,TTo00024XYZ,34.67,1755371880000,2025-08-17 04:18:00
TX00025,1427927,TFrom00025ABC,TTo00025XYZ,808.84,1755365460000,2025-08-17 02:31:00
TX00026,1919869,TFrom00026ABC,TTo00026XYZ,464.6,1755442500000,2025-08-17 23:55:00
TX00027,1665749,TFrom00027ABC,TTo00027XYZ,395.45,1755378600000,2025-08-17 06:10:00
TX00028,1211407,TFrom00028ABC,TTo00028XYZ,25.69,1755372060000,2025-08-17 04:21:00
TX00029,1932134,TFrom00029ABC,TTo00029XYZ,120.59,1755428160000,2025-08-17 19:56:00
TX00030,1786888,TFrom00030ABC,TTo00030XYZ,162.48,1755430980000,2025-08-17 20:43:00
TX00031,1312737,TFrom00031ABC,TTo00031XYZ,63.84,1755409560000,2025-08-17 14:46:00
TX00032,1390613,TFrom00032ABC,TTo00032XYZ,271.82,1755442620000,2025-08-17 23:57:00
TX00033,1048885,TFrom00033ABC,TTo00033XYZ,610.48,1755385020000,2025-08-17 07:57:00
TX00034,1949448,TFrom00034ABC,TTo00034XYZ,829.84,1755359940000,2025-08-17 00:59:00
TX00035,1406331,TFrom00035ABC,TTo00035XYZ,641.35,1755385740000,2025-08-17 08:09:00
TX00036,1223878,TFrom00036ABC,TTo00036XYZ,170.79,1755359460000,2025-08-17 00:51:00
TX00037,1447448,TFrom00037ABC,TTo00037XYZ,248.3,1755411660000,2025-08-17 15:21:00
TX00038,1089102,TFrom00038ABC,TTo00038XYZ,535.95,1755423900000,2025-08-17 18:45:00
TX00039,1213306,TFrom00039ABC,TTo00039XYZ,196.79,1755367320000,2025-08-17 03:02:00
TX00040,1560702,TFrom00040ABC,TTo00040XYZ,815.3,1755359520000,2025-08-17 00:52:00
TX00041,1088349,TFrom00041ABC,TTo00041XYZ,494.99,1755418080000,2025-08-17 17:08:00
TX00042,1893176,TFrom00042ABC,TTo00042XYZ,93.46,1755436920000,2025-08-17 22:22:00
TX00043,1541399,TFrom00043ABC,TTo00043XYZ,128.22,1755361860000,2025-08-17 01:31:00
TX00044,1509555,TFrom00044ABC,TTo00044XYZ,454.78,1755385020000,2025-08-17 07:57:00
TX00045,1258522,TFrom00045ABC,TTo00045XYZ,65.4,1755381360000,2025-08-17 06:56:00
TX00046,1538695,TFrom00046ABC,TTo00046XYZ,508.13,1755397680000,2025-08-17 11:28:00
TX00047,1965956,TFrom00047ABC,TTo00047XYZ,991.23,1755437100000,2025-08-17 22:25:00
TX00048,1401053,TFrom00048ABC,TTo00048XYZ,808.56,1755386220000,2025-08-17 08:17:00
TX00049,1479064,TFrom00049ABC,TTo00049XYZ,564.34,1755430200000,2025-08-17 20:30:00
TX00050,1054309,TFrom00050ABC,TTo00050XYZ,817.14,1755372780000,2025-08-17 04:33:00
TX00051,1455184,TFrom00051ABC,TTo00051XYZ,142.16,1755358980000,2025-08-17 00:43:00
TX00052,1460808,TFrom00052ABC,TTo00052XYZ,181.43,1755420840000,2025-08-17 17:54:00
TX00053,1570324,TFrom00053ABC,TTo00053XYZ,241.43,1755374760000,2025-08-17 05:06:00
TX00054,1128317,TFrom00054ABC,TTo00054XYZ,950.77,1755441840000,2025-08-17 23:44:00
TX00055,1245791,TFrom00055ABC,TTo00055XYZ,849.6,1755368220000,2025-08-17 03:17:00
TX00056,1840101,TFrom00056ABC,TTo00056XYZ,863.08,1755416940000,2025-08-17 16:49:00
TX00057,1705983,TFrom00057ABC,TTo00057XYZ,642.52,1755404160000,2025-08-17 13:16:00
TX00058,1270178,TFrom00058ABC,TTo00058XYZ,873.57,1755439140000,2025-08-17 22:59:00
TX00059,1151402,TFrom00059ABC,TTo00059XYZ,83.2,1755399780000,2025-08-17 12:03:00
TX00060,1360895,TFrom00060ABC,TTo00060XYZ,95.43,1755384480000,2025-08-17 07:48:00
TX00061,1634947,TFrom00061ABC,TTo00061XYZ,581.61,1755383220000,2025-08-17 07:27:00
TX00062,1664156,TFrom00062ABC,TTo00062XYZ,319.06,1755382860000,2025-08-17 07:21:00
TX00063,1404525,TFrom00063ABC,TTo00063XYZ,792.29,1755376200000,2025-08-17 05:30:00
TX00064,1271889,TFrom00064ABC,TTo00064XYZ,55.99,1755356460000,2025-08-17 00:01:00
TX00065,1848634,TFrom00065ABC,TTo00065XYZ,439.25,1755371220000,2025-08-17 04:07:00
TX00066,1658205,TFrom00066ABC,TTo00066XYZ,632.18,1755387480000,2025-08-17 08:38:00
TX00067,1406377,TFrom00067ABC,TTo00067XYZ,447.16,1755367680000,2025-08-17 03:08:00
TX00068,1488275,TFrom00068ABC,TTo00068XYZ,388.84,1755398700000,2025-08-17 11:45:00
TX00069,1168075,TFrom00069ABC,TTo00069XYZ,535.89,1755375600000,2025-08-17 05:20:00
TX00070,1659317,TFrom00070ABC,TTo00070XYZ,274.98,1755434400000,2025-08-17 21:40:00
TX00071,1883100,TFrom00071ABC,TTo00071XYZ,112.51,1755366420000,2025-08-17 02:47:00
TX00072,1681036,TFrom00072ABC,TTo00072XYZ,253.42,1755390120000,2025-08-17 09:22:00
TX00073,1292783,TFrom00073ABC,TTo00073XYZ,478.55,1755371460000,2025-08-17 04:11:00
TX00074,1310783,TFrom00074ABC,TTo00074XYZ,263.17,1755412800000,2025-08-17 15:40:00
TX00075,1916500,TFrom00075ABC,TTo00075XYZ,178.32,1755375360000,2025-08-17 05:16:00
TX00076,1686584,TFrom00076ABC,TTo00076XYZ,675.99,1755362820000,2025-08-17 01:47:00
TX00077,1002701,TFrom00077ABC,TTo00077XYZ,314.16,1755363000000,2025-08-17 01:50:00
TX00078,1113265,TFrom00078ABC,TTo00078XYZ,612.24,1755417180000,2025-08-17 16:53:00
TX00079,1114563,TFrom00079ABC,TTo00079XYZ,376.17,1755408360000,2025-08-17 14:26:00
TX00080,1768958,TFrom00080ABC,TTo00080XYZ,980.29,1755434100000,2025-08-17 21:35:00
TX00081,1919088,TFrom00081ABC,TTo00081XYZ,818.1,1755359760000,2025-08-17 00:56:00
TX00082,1322133,TFrom00082ABC,TTo00082XYZ,581.13,1755430380000,2025-08-17 20:33:00
TX00083,1264893,TFrom00083ABC,TTo00083XYZ,700.67,1755369840000,2025-08-17 03:44:00
TX00084,1901884,TFrom00084ABC,TTo00084XYZ,408.12,1755397440000,2025-08-17 11:24:00
TX00085,1595064,TFrom00085ABC,TTo00085XYZ,508.02,1755436200000,2025-08-17 22:10:00
TX00086,1276799,TFrom00086ABC,TTo00086XYZ,867.97,1755394680000,2025-08-17 10:38:00
TX00087,1877089,TFrom00087ABC,TTo00087XYZ,226.16,1755442500000,2025-08-17 23:55:00
TX00088,1124403,TFrom00088ABC,TTo00088XYZ,607.19,1755365520000,2025-08-17 02:32:00
TX00089,1386834,TFrom00089ABC,TTo00089XYZ,284.39,1755381240000,2025-08-17 06:54:00
TX00090,1676109,TFrom00090ABC,TTo00090XYZ,318.72,1755419940000,2025-08-17 17:39:00
TX00091,1598359,TFrom00091ABC,TTo00091XYZ,74.88,1755407580000,2025-08-17 14:13:00
TX00092,1692111,TFrom00092ABC,TTo00092XYZ,14.21,1755388860000,2025-08-17 09:01:00
TX00093,1470140,TFrom00093ABC,TTo00093XYZ,965.51,1755357840000,2025-08-17 00:24:00
TX00094,1371211,TFrom00094ABC,TTo00094XYZ,850.34,1755406380000,2025-08-17 13:53:00
TX00095,1353938,TFrom00095ABC,TTo00095XYZ,540.64,1755388620000,2025-08-17 08:57:00
TX00096,1948710,TFrom00096ABC,TTo00096XYZ,447.61,1755358740000,2025-08-17 00:39:00
TX00097,1428460,TFrom00097ABC,TTo00097XYZ,521.73,1755420960000,2025-08-17 17:56:00
TX00098,1611853,TFrom00098ABC,TTo00098XYZ,937.81,1755379440000,2025-08-17 06:24:00
TX00099,1568820,TFrom00099ABC,TTo00099XYZ,641.65,1755437100000,2025-08-17 22:25:00
